conversion_type,from,to,multiply_by,from_symbol,to_symbol
Area,Acre,Hectare,0.404686,ac,ha
Area,Acre,Square Foot,43560,ac,sq ft
Area,Acre,Square Inch,6273000,ac,sq in
Area,Acre,Square Kilometer,0.00404686,ac,sq km
Area,Acre,Square meter,4046.86,ac,sq m
Area,Acre,Square Mile,0.0015625,ac,sq mi
Area,Acre,Square Yard,4840,ac,sq yd
Area,Hectare,Acre,2.47105,ha,ac
Area,Hectare,Square Foot,107639,ha,sq ft
Area,Hectare,Square Inch,15500000,ha,sq in
Area,Hectare,Square Kilometer,0.01,ha,sq km
Area,Hectare,Square meter,10000,ha,sq m
Area,Hectare,Square Mile,0.00386102,ha,sq mi
Area,Hectare,Square Yard,11959.9,ha,sq yd
Area,Square Foot,Acre,0.000022957,sq ft,ac
Area,Square Foot,Hectare,9.2903E-06,sq ft,ha
Area,Square Foot,Square Inch,144,sq ft,sq in
Area,Square Foot,Square Kilometer,9.2903E-08,sq ft,sq km
Area,Square Foot,Square meter,0.092903,sq ft,sq m
Area,Square Foot,Square Mile,3.587E-08,sq ft,sq mi
Area,Square Foot,Square Yard,0.111111,sq ft,sq yd
Area,Square Inch,Acre,1.5942E-07,sq in,ac
Area,Square Inch,Hectare,6.4516E-08,sq in,ha
Area,Square Inch,Square Foot,0.00694444,sq in,sq ft
Area,Square Inch,Square meter,0.00064516,sq in,sq m
Area,Square Inch,Square Mile,2.491E-10,sq in,sq mi
Area,Square Inch,Square Yard,0.000771605,sq in,sq yd
Area,Square Kilometer,Acre,247.105,sq km,ac
Area,Square Kilometer,Hectare,100,sq km,ha
Area,Square Kilometer,Square Foot,10760000,sq km,sq ft
Area,Square Kilometer,Square Inch,1550000000,sq km,sq in
Area,Square Kilometer,Square meter,1000000,sq km,sq m
Area,Square Kilometer,Square Mile,0.386102,sq km,sq mi
Area,Square Kilometer,Square Yard,1196000,sq km,sq yd
Area,Square meter,Acre,0.000247105,sq m,ac
Area,Square meter,Hectare,0.0001,sq m,sq ha
Area,Square meter,Square Foot,10.7639,sq m,sq ft
Area,Square meter,Square Inch,1550,sq m,sq in
Area,Square meter,Square Kilometer,0.000001,sq m,sq km
Area,Square meter,Square Mile,3.861E-07,sq m,sq mi
Area,Square meter,Square Yard,1.19599,sq m,sq yd
Area,Square Mile,Acre,640,sq mi,ac
Area,Square Mile,Hectare,258.999,sq mi,ha
Area,Square Mile,Square Foot,27880000,sq mi,sq ft
Area,Square Mile,Square Inch,4014000000,sq mi,sq in
Area,Square Mile,Square Kilometer,2.58999,sq mi,sq km
Area,Square Mile,Square meter,2590000,sq mi,sq m
Area,Square Mile,Square Yard,3098000,sq mi,sq yd
Area,Square Yard,Acre,0.000206612,sq yd,ac
Area,Square Yard,Hectare,0.000083613,sq yd,ha
Area,Square Yard,Square Foot,9,sq yd,sq ft
Area,Square Yard,Square Inch,1296,sq yd,sq in
Area,Square Yard,Square Kilometer,8.3613E-07,sq yd,sq km
Area,Square Yard,Square meter,0.836127,sq yd,sq m
Area,Square Yard,Square Mile,3.2283E-07,sq yd,sq mi
Digital Storage,Bit,Byte,0.125,b,B
Digital Storage,Bit,Gibibit,9.3132E-10,b,Gib
Digital Storage,Bit,Gibibyte,1.1642E-10,b,Gib
Digital Storage,Bit,Gigabit,0.000000001,b,Gb
Digital Storage,Bit,Gigabyte,1.25E-10,b,GB
Digital Storage,Bit,Kibibit,0.000976563,b,Kib
Digital Storage,Bit,Kibibyte,0.00012207,b,KiB
Digital Storage,Bit,Kilobit,0.001,b,kb
Digital Storage,Bit,Kilobyte,0.000125,b,kB
Digital Storage,Bit,Mebibit,9.5367E-07,b,Mib
Digital Storage,Bit,Mebibyte,1.1921E-07,b,MiB
Digital Storage,Bit,Megabit,0.000001,b,mb
Digital Storage,Bit,Megabyte,0.000000125,b,MB
Digital Storage,Bit,Pebibit,8.882E-16,b,Pib
Digital Storage,Bit,Pebibyte,1.11E-16,b,PiB
Digital Storage,Bit,Petabit,1E-15,b,Pb
Digital Storage,Bit,Petabyte,1.25E-16,b,PB
Digital Storage,Bit,Tebibit,9.0949E-13,b,Tib
Digital Storage,Bit,Tebibyte,1.1369E-13,b,TiB
Digital Storage,Bit,Terabit,1E-12,b,Tb
Digital Storage,Bit,Terabyte,1.25E-13,b,TB
Digital Storage,Byte,Bit,8,B,b
Digital Storage,Byte,Gibibit,7.4506E-09,B,Gib
Digital Storage,Byte,Gibibyte,9.3132E-10,B,Gib
Digital Storage,Byte,Gigabit,0.000000008,B,Gb
Digital Storage,Byte,Gigabyte,0.000000001,B,GB
Digital Storage,Byte,Kibibit,0.0078125,B,Kib
Digital Storage,Byte,Kibibyte,0.000976563,B,KiB
Digital Storage,Byte,Kilobit,0.008,B,kb
Digital Storage,Byte,Kilobyte,0.001,B,kB
Digital Storage,Byte,Mebibit,7.6294E-06,B,Mib
Digital Storage,Byte,Mebibyte,9.5367E-07,B,MiB
Digital Storage,Byte,Megabit,0.000008,B,mb
Digital Storage,Byte,Megabyte,0.000001,B,MB
Digital Storage,Byte,Pebibit,7.1054E-15,B,Pib
Digital Storage,Byte,Pebibyte,8.882E-16,B,PiB
Digital Storage,Byte,Petabit,8E-15,B,Pb
Digital Storage,Byte,Petabyte,1E-15,B,PB
Digital Storage,Byte,Tebibit,7.276E-12,B,Tib
Digital Storage,Byte,Tebibyte,9.0949E-13,B,TiB
Digital Storage,Byte,Terabit,8E-12,B,Tb
Digital Storage,Byte,Terabyte,1E-12,B,TB
Digital Storage,Gibibit,Bit,1074000000,Gib,b
Digital Storage,Gibibit,Byte,134200000,Gib,B
Digital Storage,Gibibit,Gibibyte,0.125,Gib,Gib
Digital Storage,Gibibit,Gigabit,1.07374,Gib,Gb
Digital Storage,Gibibit,Gigabyte,0.134218,Gib,GB
Digital Storage,Gibibit,Kibibit,1049000,Gib,Kib
Digital Storage,Gibibit,Kibibyte,131072,Gib,KiB
Digital Storage,Gibibit,Kilobit,1074000,Gib,kb
Digital Storage,Gibibit,Kilobyte,134218,Gib,kB
Digital Storage,Gibibit,Mebibit,1024,Gib,Mib
Digital Storage,Gibibit,Mebibyte,128,Gib,MiB
Digital Storage,Gibibit,Megabit,1073.74,Gib,mb
Digital Storage,Gibibit,Megabyte,134.218,Gib,MB
Digital Storage,Gibibit,Pebibit,9.5367E-07,Gib,Pib
Digital Storage,Gibibit,Pebibyte,1.1921E-07,Gib,PiB
Digital Storage,Gibibit,Petabit,1.0737E-06,Gib,Pb
Digital Storage,Gibibit,Petabyte,1.3422E-07,Gib,PB
Digital Storage,Gibibit,Tebibit,0.000976563,Gib,Tib
Digital Storage,Gibibit,Tebibyte,0.00012207,Gib,TiB
Digital Storage,Gibibit,Terabit,0.00107374,Gib,Tb
Digital Storage,Gibibit,Terabyte,0.000134218,Gib,TB
Digital Storage,Gibibyte,Bit,8590000000,GiB,b
Digital Storage,Gibibyte,Byte,1074000000,GiB,B
Digital Storage,Gibibyte,Gibibit,8,GiB,Gib
Digital Storage,Gibibyte,Gigabit,8.58993,GiB,Gb
Digital Storage,Gibibyte,Gigabyte,1.07374,GiB,GB
Digital Storage,Gibibyte,Kibibit,8389000,GiB,Kib
Digital Storage,Gibibyte,Kibibyte,1049000,GiB,KiB
Digital Storage,Gibibyte,Kilobit,8590000,GiB,kb
Digital Storage,Gibibyte,Kilobyte,1074000,GiB,kB
Digital Storage,Gibibyte,Mebibit,8192,GiB,Mib
Digital Storage,Gibibyte,Mebibyte,1024,GiB,MiB
Digital Storage,Gibibyte,Megabit,8589.93,GiB,mb
Digital Storage,Gibibyte,Megabyte,1073.74,GiB,MB
Digital Storage,Gibibyte,Pebibit,7.6294E-06,GiB,Pib
Digital Storage,Gibibyte,Pebibyte,9.5367E-07,GiB,PiB
Digital Storage,Gibibyte,Petabit,8.5899E-06,GiB,Pb
Digital Storage,Gibibyte,Petabyte,1.0737E-06,GiB,PB
Digital Storage,Gibibyte,Tebibit,0.0078125,GiB,Tib
Digital Storage,Gibibyte,Tebibyte,0.000976563,GiB,TiB
Digital Storage,Gibibyte,Terabit,0.00858993,GiB,Tb
Digital Storage,Gibibyte,Terabyte,0.00107374,GiB,TB
Digital Storage,Gigabit,Bit,1000000000,Gb,b
Digital Storage,Gigabit,Byte,125000000,Gb,B
Digital Storage,Gigabit,Gibibit,0.931323,Gb,Gib
Digital Storage,Gigabit,Gibibyte,0.116415,Gb,Gib
Digital Storage,Gigabit,Gigabyte,0.125,Gb,GB
Digital Storage,Gigabit,Kibibit,976563,Gb,Kib
Digital Storage,Gigabit,Kibibyte,122070,Gb,KiB
Digital Storage,Gigabit,Kilobit,1000000,Gb,kb
Digital Storage,Gigabit,Kilobyte,125000,Gb,kB
Digital Storage,Gigabit,Mebibit,953.674,Gb,Mib
Digital Storage,Gigabit,Mebibyte,119.209,Gb,MiB
Digital Storage,Gigabit,Megabit,1000,Gb,mb
Digital Storage,Gigabit,Megabyte,125,Gb,MB
Digital Storage,Gigabit,Pebibit,8.8818E-07,Gb,Pib
Digital Storage,Gigabit,Pebibyte,1.1102E-07,Gb,PiB
Digital Storage,Gigabit,Petabit,0.000001,Gb,Pb
Digital Storage,Gigabit,Petabyte,0.000000125,Gb,PB
Digital Storage,Gigabit,Tebibit,0.000909495,Gb,Tib
Digital Storage,Gigabit,Tebibyte,0.000113687,Gb,TiB
Digital Storage,Gigabit,Terabit,0.001,Gb,Tb
Digital Storage,Gigabit,Terabyte,0.000125,Gb,TB
Digital Storage,Gigabyte,Bit,8000000000,GB,b
Digital Storage,Gigabyte,Byte,1000000000,GB,B
Digital Storage,Gigabyte,Gibibit,7.45058,GB,Gib
Digital Storage,Gigabyte,Gibibyte,0.931323,GB,Gib
Digital Storage,Gigabyte,Gigabit,8,GB,Gb
Digital Storage,Gigabyte,Kibibit,7813000,GB,Kib
Digital Storage,Gigabyte,Kibibyte,976563,GB,KiB
Digital Storage,Gigabyte,Kilobit,8000000,GB,kb
Digital Storage,Gigabyte,Kilobyte,1000000,GB,kB
Digital Storage,Gigabyte,Mebibit,7629.39,GB,Mib
Digital Storage,Gigabyte,Mebibyte,953.674,GB,MiB
Digital Storage,Gigabyte,Megabit,8000,GB,mb
Digital Storage,Gigabyte,Megabyte,1000,GB,MB
Digital Storage,Gigabyte,Pebibit,7.1054E-06,GB,Pib
Digital Storage,Gigabyte,Pebibyte,8.8818E-07,GB,PiB
Digital Storage,Gigabyte,Petabit,0.000008,GB,Pb
Digital Storage,Gigabyte,Petabyte,0.000001,GB,PB
Digital Storage,Gigabyte,Tebibit,0.00727596,GB,Tib
Digital Storage,Gigabyte,Tebibyte,0.000909495,GB,TiB
Digital Storage,Gigabyte,Terabit,0.008,GB,Tb
Digital Storage,Gigabyte,Terabyte,0.001,GB,TB
Digital Storage,Kibibit,Bit,1024,kib,b
Digital Storage,Kibibit,Byte,128,kib,B
Digital Storage,Kibibit,Gibibit,9.5367E-07,kib,Gib
Digital Storage,Kibibit,Gibibyte,1.1921E-07,kib,Gib
Digital Storage,Kibibit,Gigabit,0.000001024,kib,Gb
Digital Storage,Kibibit,Gigabyte,0.000000128,kib,GB
Digital Storage,Kibibit,Kibibyte,0.125,kib,KiB
Digital Storage,Kibibit,Kilobit,1.024,kib,kb
Digital Storage,Kibibit,Kilobyte,0.128,kib,kB
Digital Storage,Kibibit,Mebibit,0.000976563,kib,Mib
Digital Storage,Kibibit,Mebibyte,0.00012207,kib,MiB
Digital Storage,Kibibit,Megabit,0.001024,kib,mb
Digital Storage,Kibibit,Megabyte,0.000128,kib,MB
Digital Storage,Kibibit,Pebibit,9.0949E-13,kib,Pib
Digital Storage,Kibibit,Pebibyte,1.1369E-13,kib,PiB
Digital Storage,Kibibit,Petabit,1.024E-12,kib,Pb
Digital Storage,Kibibit,Petabyte,1.28E-13,kib,PB
Digital Storage,Kibibit,Tebibit,9.3132E-10,kib,Tib
Digital Storage,Kibibit,Tebibyte,1.1642E-10,kib,TiB
Digital Storage,Kibibit,Terabit,1.024E-09,kib,Tb
Digital Storage,Kibibit,Terabyte,1.28E-10,kib,TB
Digital Storage,Kibibyte,Bit,8192,KiB,b
Digital Storage,Kibibyte,Byte,1024,KiB,B
Digital Storage,Kibibyte,Gibibit,7.6294E-06,KiB,Gib
Digital Storage,Kibibyte,Gibibyte,9.5367E-07,KiB,Gib
Digital Storage,Kibibyte,Gigabit,0.000008192,KiB,Gb
Digital Storage,Kibibyte,Gigabyte,0.000001024,KiB,GB
Digital Storage,Kibibyte,Kibibit,8,KiB,Kib
Digital Storage,Kibibyte,Kilobit,8.192,KiB,kb
Digital Storage,Kibibyte,Kilobyte,1.024,KiB,kB
Digital Storage,Kibibyte,Mebibit,0.0078125,KiB,Mib
Digital Storage,Kibibyte,Mebibyte,0.000976563,KiB,MiB
Digital Storage,Kibibyte,Megabit,0.008192,KiB,mb
Digital Storage,Kibibyte,Megabyte,0.001024,KiB,MB
Digital Storage,Kibibyte,Pebibit,7.276E-12,KiB,Pib
Digital Storage,Kibibyte,Pebibyte,9.0949E-13,KiB,PiB
Digital Storage,Kibibyte,Petabit,8.192E-12,KiB,Pb
Digital Storage,Kibibyte,Petabyte,1.024E-12,KiB,PB
Digital Storage,Kibibyte,Tebibit,7.4506E-09,KiB,Tib
Digital Storage,Kibibyte,Tebibyte,9.3132E-10,KiB,TiB
Digital Storage,Kibibyte,Terabit,8.192E-09,KiB,Tb
Digital Storage,Kibibyte,Terabyte,1.024E-09,KiB,TB
Digital Storage,Kilobit,Bit,1000,kb,b
Digital Storage,Kilobit,Byte,125,kb,B
Digital Storage,Kilobit,Gibibit,9.3132E-07,kb,Gib
Digital Storage,Kilobit,Gibibyte,1.1642E-07,kb,Gib
Digital Storage,Kilobit,Gigabit,0.000001,kb,Gb
Digital Storage,Kilobit,Gigabyte,0.000000125,kb,GB
Digital Storage,Kilobit,Kibibit,0.976563,kb,Kib
Digital Storage,Kilobit,Kibibyte,0.12207,kb,KiB
Digital Storage,Kilobit,Kilobyte,0.125,kb,kB
Digital Storage,Kilobit,Mebibit,0.000953674,kb,Mib
Digital Storage,Kilobit,Mebibyte,0.000119209,kb,MiB
Digital Storage,Kilobit,Megabit,0.001,kb,mb
Digital Storage,Kilobit,Megabyte,0.000125,kb,MB
Digital Storage,Kilobit,Pebibit,8.8818E-13,kb,Pib
Digital Storage,Kilobit,Pebibyte,1.1102E-13,kb,PiB
Digital Storage,Kilobit,Petabit,1E-12,kb,Pb
Digital Storage,Kilobit,Petabyte,1.25E-13,kb,PB
Digital Storage,Kilobit,Tebibit,9.0949E-10,kb,Tib
Digital Storage,Kilobit,Tebibyte,1.1369E-10,kb,TiB
Digital Storage,Kilobit,Terabit,0.000000001,kb,Tb
Digital Storage,Kilobit,Terabyte,1.25E-10,kb,TB
Digital Storage,Kilobyte,Bit,8000,kB,b
Digital Storage,Kilobyte,Byte,1000,kB,B
Digital Storage,Kilobyte,Gibibit,7.4506E-06,kB,Gib
Digital Storage,Kilobyte,Gibibyte,9.3132E-07,kB,Gib
Digital Storage,Kilobyte,Gigabit,0.000008,kB,Gb
Digital Storage,Kilobyte,Gigabyte,0.000001,kB,GB
Digital Storage,Kilobyte,Kibibit,7.8125,kB,Kib
Digital Storage,Kilobyte,Kibibyte,0.976563,kB,KiB
Digital Storage,Kilobyte,Kilobit,8,kB,kb
Digital Storage,Kilobyte,Mebibit,0.00762939,kB,Mib
Digital Storage,Kilobyte,Mebibyte,0.000953674,kB,MiB
Digital Storage,Kilobyte,Megabit,0.008,kB,mb
Digital Storage,Kilobyte,Megabyte,0.001,kB,MB
Digital Storage,Kilobyte,Pebibit,7.1054E-12,kB,Pib
Digital Storage,Kilobyte,Pebibyte,8.8818E-13,kB,PiB
Digital Storage,Kilobyte,Petabit,8E-12,kB,Pb
Digital Storage,Kilobyte,Petabyte,1E-12,kB,PB
Digital Storage,Kilobyte,Tebibit,7.276E-09,kB,Tib
Digital Storage,Kilobyte,Tebibyte,9.0949E-10,kB,TiB
Digital Storage,Kilobyte,Terabit,0.000000008,kB,Tb
Digital Storage,Kilobyte,Terabyte,0.000000001,kB,TB
Digital Storage,Mebibit,Bit,1049000,Mib,b
Digital Storage,Mebibit,Byte,131072,Mib,B
Digital Storage,Mebibit,Gibibit,0.000976563,Mib,Gib
Digital Storage,Mebibit,Gibibyte,0.00012207,Mib,Gib
Digital Storage,Mebibit,Gigabit,0.00104858,Mib,Gb
Digital Storage,Mebibit,Gigabyte,0.000131072,Mib,GB
Digital Storage,Mebibit,Kibibit,1024,Mib,Kib
Digital Storage,Mebibit,Kibibyte,128,Mib,KiB
Digital Storage,Mebibit,Kilobit,1048.58,Mib,kb
Digital Storage,Mebibit,Kilobyte,131.072,Mib,kB
Digital Storage,Mebibit,Mebibyte,0.125,Mib,MiB
Digital Storage,Mebibit,Megabit,1.04858,Mib,mb
Digital Storage,Mebibit,Megabyte,0.131072,Mib,MB
Digital Storage,Mebibit,Pebibit,9.3132E-10,Mib,Pib
Digital Storage,Mebibit,Pebibyte,1.1642E-10,Mib,PiB
Digital Storage,Mebibit,Petabit,1.0486E-09,Mib,Pb
Digital Storage,Mebibit,Petabyte,1.3107E-10,Mib,PB
Digital Storage,Mebibit,Tebibit,9.5367E-07,Mib,Tib
Digital Storage,Mebibit,Tebibyte,1.1921E-07,Mib,TiB
Digital Storage,Mebibit,Terabit,1.0486E-06,Mib,Tb
Digital Storage,Mebibit,Terabyte,1.3107E-07,Mib,TB
Digital Storage,Mebibyte,Bit,8389000,MiB,b
Digital Storage,Mebibyte,Byte,1049000,MiB,B
Digital Storage,Mebibyte,Gibibit,0.0078125,MiB,Gib
Digital Storage,Mebibyte,Gibibyte,0.000976563,MiB,Gib
Digital Storage,Mebibyte,Gigabit,0.00838861,MiB,Gb
Digital Storage,Mebibyte,Gigabyte,0.00104858,MiB,GB
Digital Storage,Mebibyte,Kibibit,8192,MiB,Kib
Digital Storage,Mebibyte,Kibibyte,1024,MiB,KiB
Digital Storage,Mebibyte,Kilobit,8388.61,MiB,kb
Digital Storage,Mebibyte,Kilobyte,1048.58,MiB,kB
Digital Storage,Mebibyte,Mebibit,8,MiB,Mib
Digital Storage,Mebibyte,Megabit,8.38861,MiB,mb
Digital Storage,Mebibyte,Megabyte,1.04858,MiB,MB
Digital Storage,Mebibyte,Pebibit,7.4506E-09,MiB,Pib
Digital Storage,Mebibyte,Pebibyte,9.3132E-10,MiB,PiB
Digital Storage,Mebibyte,Petabit,8.3886E-09,MiB,Pb
Digital Storage,Mebibyte,Petabyte,1.0486E-09,MiB,PB
Digital Storage,Mebibyte,Tebibit,7.6294E-06,MiB,Tib
Digital Storage,Mebibyte,Tebibyte,9.5367E-07,MiB,TiB
Digital Storage,Mebibyte,Terabit,8.3886E-06,MiB,Tb
Digital Storage,Mebibyte,Terabyte,1.0486E-06,MiB,TB
Digital Storage,Megabit,Bit,1000000,Mb,b
Digital Storage,Megabit,Byte,125000,Mb,B
Digital Storage,Megabit,Gibibit,0.000931323,Mb,Gib
Digital Storage,Megabit,Gibibyte,0.000116415,Mb,Gib
Digital Storage,Megabit,Gigabit,0.001,Mb,Gb
Digital Storage,Megabit,Gigabyte,0.000125,Mb,GB
Digital Storage,Megabit,Kibibit,976.563,Mb,Kib
Digital Storage,Megabit,Kibibyte,122.07,Mb,KiB
Digital Storage,Megabit,Kilobit,1000,Mb,kb
Digital Storage,Megabit,Kilobyte,125,Mb,kB
Digital Storage,Megabit,Mebibit,0.953674,Mb,Mib
Digital Storage,Megabit,Mebibyte,0.119209,Mb,MiB
Digital Storage,Megabit,Megabyte,0.125,Mb,MB
Digital Storage,Megabit,Pebibit,8.8818E-10,Mb,Pib
Digital Storage,Megabit,Pebibyte,1.1102E-10,Mb,PiB
Digital Storage,Megabit,Petabit,0.000000001,Mb,Pb
Digital Storage,Megabit,Petabyte,1.25E-10,Mb,PB
Digital Storage,Megabit,Tebibit,9.0949E-07,Mb,Tib
Digital Storage,Megabit,Tebibyte,1.1369E-07,Mb,TiB
Digital Storage,Megabit,Terabit,0.000001,Mb,Tb
Digital Storage,Megabit,Terabyte,0.000000125,Mb,TB
Digital Storage,Megabyte,Bit,8000000,MB,b
Digital Storage,Megabyte,Byte,1000000,MB,B
Digital Storage,Megabyte,Gibibit,0.00745058,MB,Gib
Digital Storage,Megabyte,Gibibyte,0.000931323,MB,Gib
Digital Storage,Megabyte,Gigabit,0.008,MB,Gb
Digital Storage,Megabyte,Gigabyte,0.001,MB,GB
Digital Storage,Megabyte,Kibibit,7812.5,MB,Kib
Digital Storage,Megabyte,Kibibyte,976.563,MB,KiB
Digital Storage,Megabyte,Kilobit,8000,MB,kb
Digital Storage,Megabyte,Kilobyte,1000,MB,kB
Digital Storage,Megabyte,Mebibit,7.62939,MB,Mib
Digital Storage,Megabyte,Mebibyte,0.953674,MB,MiB
Digital Storage,Megabyte,Megabit,8,MB,mb
Digital Storage,Megabyte,Pebibit,7.1054E-09,MB,Pib
Digital Storage,Megabyte,Pebibyte,8.8818E-10,MB,PiB
Digital Storage,Megabyte,Petabit,0.000000008,MB,Pb
Digital Storage,Megabyte,Petabyte,0.000000001,MB,PB
Digital Storage,Megabyte,Tebibit,0.000007276,MB,Tib
Digital Storage,Megabyte,Tebibyte,9.0949E-07,MB,TiB
Digital Storage,Megabyte,Terabit,0.000008,MB,Tb
Digital Storage,Megabyte,Terabyte,0.000001,MB,TB
Digital Storage,Pebibit,Bit,1.126E+15,Pib,b
Digital Storage,Pebibit,Byte,1.407E+14,Pib,B
Digital Storage,Pebibit,Gibibit,1049000,Pib,Gib
Digital Storage,Pebibit,Gibibyte,131072,Pib,Gib
Digital Storage,Pebibit,Gigabit,1126000,Pib,Gb
Digital Storage,Pebibit,Gigabyte,140737,Pib,GB
Digital Storage,Pebibit,Kibibit,1.1E+12,Pib,Kib
Digital Storage,Pebibit,Kibibyte,1.374E+11,Pib,KiB
Digital Storage,Pebibit,Kilobit,1.126E+12,Pib,kb
Digital Storage,Pebibit,Kilobyte,1.407E+11,Pib,kB
Digital Storage,Pebibit,Mebibit,1074000000,Pib,Mib
Digital Storage,Pebibit,Mebibyte,134200000,Pib,MiB
Digital Storage,Pebibit,Megabit,1126000000,Pib,mb
Digital Storage,Pebibit,Megabyte,140700000,Pib,MB
Digital Storage,Pebibit,Pebibyte,0.125,Pib,PiB
Digital Storage,Pebibit,Petabit,1.1259,Pib,Pb
Digital Storage,Pebibit,Petabyte,0.140737,Pib,PB
Digital Storage,Pebibit,Tebibit,1024,Pib,Tib
Digital Storage,Pebibit,Tebibyte,128,Pib,TiB
Digital Storage,Pebibit,Terabit,1125.9,Pib,Tb
Digital Storage,Pebibit,Terabyte,140.737,Pib,TB
Digital Storage,Pebibyte,Byte,1.126E+15,PiB,B
Digital Storage,Pebibyte,Gibibit,8389000,PiB,Gib
Digital Storage,Pebibyte,Gibibyte,1049000,PiB,Gib
Digital Storage,Pebibyte,Gigabit,9007000,PiB,Gb
Digital Storage,Pebibyte,Gigabyte,1126000,PiB,GB
Digital Storage,Pebibyte,Kibibit,8.796E+12,PiB,Kib
Digital Storage,Pebibyte,Kibibyte,1.1E+12,PiB,KiB
Digital Storage,Pebibyte,Kilobit,9.007E+12,PiB,kb
Digital Storage,Pebibyte,Kilobyte,1.126E+12,PiB,kB
Digital Storage,Pebibyte,Mebibit,8590000000,PiB,Mib
Digital Storage,Pebibyte,Mebibyte,1074000000,PiB,MiB
Digital Storage,Pebibyte,Megabit,9007000000,PiB,mb
Digital Storage,Pebibyte,Megabyte,1126000000,PiB,MB
Digital Storage,Pebibyte,Pebibit,8,PiB,Pib
Digital Storage,Pebibyte,Petabit,9.0072,PiB,Pb
Digital Storage,Pebibyte,Petabyte,1.1259,PiB,PB
Digital Storage,Pebibyte,Tebibit,8192,PiB,Tib
Digital Storage,Pebibyte,Tebibyte,1024,PiB,TiB
Digital Storage,Pebibyte,Terabit,9007.2,PiB,Tb
Digital Storage,Pebibyte,Terabyte,1125.9,PiB,TB
Digital Storage,Petabit,Bit,1E+15,Pb,b
Digital Storage,Petabit,Byte,1.25E+14,Pb,B
Digital Storage,Petabit,Gibibit,931323,Pb,Gib
Digital Storage,Petabit,Gibibyte,116415,Pb,Gib
Digital Storage,Petabit,Gigabit,1000000,Pb,Gb
Digital Storage,Petabit,Gigabyte,125000,Pb,GB
Digital Storage,Petabit,Kibibit,9.766E+11,Pb,Kib
Digital Storage,Petabit,Kibibyte,1.221E+11,Pb,KiB
Digital Storage,Petabit,Kilobit,1E+12,Pb,kb
Digital Storage,Petabit,Kilobyte,1.25E+11,Pb,kB
Digital Storage,Petabit,Mebibit,953700000,Pb,Mib
Digital Storage,Petabit,Mebibyte,119200000,Pb,MiB
Digital Storage,Petabit,Megabit,1000000000,Pb,mb
Digital Storage,Petabit,Megabyte,125000000,Pb,MB
Digital Storage,Petabit,Pebibit,0.888178,Pb,Pib
Digital Storage,Petabit,Pebibyte,0.111022,Pb,PiB
Digital Storage,Petabit,Petabyte,0.125,Pb,PB
Digital Storage,Petabit,Tebibit,909.495,Pb,Tib
Digital Storage,Petabit,Tebibyte,113.687,Pb,TiB
Digital Storage,Petabit,Terabit,1000,Pb,Tb
Digital Storage,Petabit,Terabyte,125,Pb,TB
Digital Storage,Petabyte,Bit,8E+15,PB,b
Digital Storage,Petabyte,Byte,1E+15,PB,B
Digital Storage,Petabyte,Gibibit,7451000,PB,Gib
Digital Storage,Petabyte,Gibibyte,931323,PB,Gib
Digital Storage,Petabyte,Gigabit,8000000,PB,Gb
Digital Storage,Petabyte,Gigabyte,1000000,PB,GB
Digital Storage,Petabyte,Kibibit,7.813E+12,PB,Kib
Digital Storage,Petabyte,Kibibyte,9.766E+11,PB,KiB
Digital Storage,Petabyte,Kilobit,8E+12,PB,kb
Digital Storage,Petabyte,Kilobyte,1E+12,PB,kB
Digital Storage,Petabyte,Mebibit,7629000000,PB,Mib
Digital Storage,Petabyte,Mebibyte,953700000,PB,MiB
Digital Storage,Petabyte,Megabit,8000000000,PB,mb
Digital Storage,Petabyte,Megabyte,1000000000,PB,MB
Digital Storage,Petabyte,Pebibit,7.10543,PB,Pib
Digital Storage,Petabyte,Pebibyte,0.888178,PB,PiB
Digital Storage,Petabyte,Petabit,8,PB,Pb
Digital Storage,Petabyte,Tebibit,7275.96,PB,Tib
Digital Storage,Petabyte,Tebibyte,909.495,PB,TiB
Digital Storage,Petabyte,Terabit,8000,PB,Tb
Digital Storage,Petabyte,Terabyte,1000,PB,TB
Digital Storage,Tebibit,Bit,1.1E+12,Tib,b
Digital Storage,Tebibit,Byte,1.374E+11,Tib,B
Digital Storage,Tebibit,Gibibit,1024,Tib,Gib
Digital Storage,Tebibit,Gibibyte,128,Tib,Gib
Digital Storage,Tebibit,Gigabit,1099.51,Tib,Gb
Digital Storage,Tebibit,Gigabyte,137.439,Tib,GB
Digital Storage,Tebibit,Kibibit,1074000000,Tib,Kib
Digital Storage,Tebibit,Kibibyte,134200000,Tib,KiB
Digital Storage,Tebibit,Kilobit,1100000000,Tib,kb
Digital Storage,Tebibit,Kilobyte,137400000,Tib,kB
Digital Storage,Tebibit,Mebibit,1049000,Tib,Mib
Digital Storage,Tebibit,Mebibyte,131072,Tib,MiB
Digital Storage,Tebibit,Megabit,1100000,Tib,mb
Digital Storage,Tebibit,Megabyte,137439,Tib,MB
Digital Storage,Tebibit,Pebibit,0.000976563,Tib,Pib
Digital Storage,Tebibit,Pebibyte,0.00012207,Tib,PiB
Digital Storage,Tebibit,Petabit,0.00109951,Tib,Pb
Digital Storage,Tebibit,Petabyte,0.000137439,Tib,PB
Digital Storage,Tebibit,Tebibyte,0.125,Tib,TiB
Digital Storage,Tebibit,Terabit,1.09951,Tib,Tb
Digital Storage,Tebibit,Terabyte,0.137439,Tib,TB
Digital Storage,Tebibyte,Bit,8.796E+12,TiB,b
Digital Storage,Tebibyte,Byte,1.1E+12,TiB,B
Digital Storage,Tebibyte,Gibibit,8192,TiB,Gib
Digital Storage,Tebibyte,Gibibyte,1024,TiB,Gib
Digital Storage,Tebibyte,Gigabit,8796.09,TiB,Gb
Digital Storage,Tebibyte,Gigabyte,1099.51,TiB,GB
Digital Storage,Tebibyte,Kibibit,8590000000,TiB,Kib
Digital Storage,Tebibyte,Kibibyte,1074000000,TiB,KiB
Digital Storage,Tebibyte,Kilobit,8796000000,TiB,kb
Digital Storage,Tebibyte,Kilobyte,1100000000,TiB,kB
Digital Storage,Tebibyte,Mebibit,8389000,TiB,Mib
Digital Storage,Tebibyte,Mebibyte,1049000,TiB,MiB
Digital Storage,Tebibyte,Megabit,8796000,TiB,mb
Digital Storage,Tebibyte,Megabyte,1100000,TiB,MB
Digital Storage,Tebibyte,Pebibit,0.0078125,TiB,Pib
Digital Storage,Tebibyte,Pebibyte,0.000976563,TiB,PiB
Digital Storage,Tebibyte,Petabit,0.00879609,TiB,Pb
Digital Storage,Tebibyte,Petabyte,0.00109951,TiB,PB
Digital Storage,Tebibyte,Tebibit,8,TiB,Tib
Digital Storage,Tebibyte,Terabit,8.79609,TiB,Tb
Digital Storage,Tebibyte,Terabyte,1.09951,TiB,TB
Digital Storage,Terabit,Bit,1E+12,Tb,b
Digital Storage,Terabit,Byte,1.25E+11,Tb,B
Digital Storage,Terabit,Gibibit,931.323,Tb,Gib
Digital Storage,Terabit,Gibibyte,116.415,Tb,Gib
Digital Storage,Terabit,Gigabit,1000,Tb,Gb
Digital Storage,Terabit,Gigabyte,125,Tb,GB
Digital Storage,Terabit,Kibibit,976600000,Tb,Kib
Digital Storage,Terabit,Kibibyte,122100000,Tb,KiB
Digital Storage,Terabit,Kilobit,1000000000,Tb,kb
Digital Storage,Terabit,Kilobyte,125000000,Tb,kB
Digital Storage,Terabit,Mebibit,953674,Tb,Mib
Digital Storage,Terabit,Mebibyte,119209,Tb,MiB
Digital Storage,Terabit,Megabit,1000000,Tb,mb
Digital Storage,Terabit,Megabyte,125000,Tb,MB
Digital Storage,Terabit,Pebibit,0.000888178,Tb,Pib
Digital Storage,Terabit,Pebibyte,0.000111022,Tb,PiB
Digital Storage,Terabit,Petabit,0.001,Tb,Pb
Digital Storage,Terabit,Petabyte,0.000125,Tb,PB
Digital Storage,Terabit,Tebibit,0.909495,Tb,Tib
Digital Storage,Terabit,Tebibyte,0.113687,Tb,TiB
Digital Storage,Terabit,Terabyte,0.125,Tb,TB
Digital Storage,Terabyte,Bit,8E+12,TB,b
Digital Storage,Terabyte,Byte,1E+12,TB,B
Digital Storage,Terabyte,Gibibit,7450.58,TB,Gib
Digital Storage,Terabyte,Gibibyte,931.323,TB,Gib
Digital Storage,Terabyte,Gigabit,8000,TB,Gb
Digital Storage,Terabyte,Gigabyte,1000,TB,GB
Digital Storage,Terabyte,Kibibit,7813000000,TB,Kib
Digital Storage,Terabyte,Kibibyte,976600000,TB,KiB
Digital Storage,Terabyte,Kilobit,8000000000,TB,kb
Digital Storage,Terabyte,Kilobyte,1000000000,TB,kB
Digital Storage,Terabyte,Mebibit,7629000,TB,Mib
Digital Storage,Terabyte,Mebibyte,953674,TB,MiB
Digital Storage,Terabyte,Megabit,8000000,TB,mb
Digital Storage,Terabyte,Megabyte,1000000,TB,MB
Digital Storage,Terabyte,Pebibit,0.00710543,TB,Pib
Digital Storage,Terabyte,Pebibyte,0.000888178,TB,PiB
Digital Storage,Terabyte,Petabit,0.008,TB,Pb
Digital Storage,Terabyte,Petabyte,0.001,TB,PB
Digital Storage,Terabyte,Tebibit,7.27596,TB,Tib
Digital Storage,Terabyte,Tebibyte,0.909495,TB,TiB
Digital Storage,Terabyte,Terabit,8,TB,Tb
Length,Centimeter,Foot,0.0328084,cm,ft
Length,Centimeter,Inch,0.393701,cm,in
Length,Centimeter,Kilometer,0.00001,cm,km
Length,Centimeter,Meter,0.01,cm,m
Length,Centimeter,Mile,6.2137E-06,cm,mi
Length,Centimeter,Millimeter,10,cm,mm
Length,Centimeter,Nautical mile,5.3996E-06,cm,nmi
Length,Centimeter,Yard,0.0109361,cm,yd
Length,Foot,Centimeter,30.48,ft,cm
Length,Foot,Inch,12,ft,in
Length,Foot,Kilometer,0.0003048,ft,km
Length,Foot,Meter,0.3048,ft,m
Length,Foot,Mile,0.000189394,ft,mi
Length,Foot,Millimeter,304.8,ft,mm
Length,Foot,Nautical mile,0.000164579,ft,nmi
Length,Foot,Yard,0.333333,ft,yd
Length,Inch,Centimeter,2.54,in,cm
Length,Inch,Foot,0.083333333,in,ft
Length,Inch,Kilometer,0.0000254,in,km
Length,Inch,Meter,0.0254,in,m
Length,Inch,Mile,0.000015783,in,mi
Length,Inch,Millimeter,25.4,in,mm
Length,Inch,Nautical mile,0.000013715,in,nmi
Length,Inch,Yard,0.0277778,in,yd
Length,Kilometer,Centimeter,100000,km,cm
Length,Kilometer,Foot,3280.84,km,ft
Length,Kilometer,Inch,39370.1,km,in
Length,Kilometer,Meter,1000,km,m
Length,Kilometer,Mile,0.621371,km,mi
Length,Kilometer,Millimeter,1000000,km,mm
Length,Kilometer,Nautical mile,0.539957,km,nmi
Length,Kilometer,Yard,1093.61,km,yd
Length,Meter,Centimeter,100,m,cm
Length,Meter,Foot,3.28084,m,ft
Length,Meter,Inch,39.3701,m,in
Length,Meter,Kilometer,0.001,m,km
Length,Meter,Mile,0.000621371,m,mi
Length,Meter,Millimeter,1000,m,mm
Length,Meter,Nautical mile,0.000539957,m,nmi
Length,Meter,Yard,1.09361,m,yd
Length,Mile,Centimeter,160934,mi,cm
Length,Mile,Foot,5280,mi,ft
Length,Mile,Inch,63360,mi,in
Length,Mile,Kilometer,1.60934,mi,km
Length,Mile,Meter,1609.34,mi,m
Length,Mile,Millimeter,1609000,mi,mm
Length,Mile,Nautical mile,0.868976,mi,nmi
Length,Mile,Yard,1760,mi,yd
Length,Millimeter,Centimeter,0.1,mm,cm
Length,Millimeter,Foot,0.00328084,mm,ft
Length,Millimeter,Inch,0.0393701,mm,in
Length,Millimeter,Kilometer,0.000001,mm,km
Length,Millimeter,Meter,0.001,mm,m
Length,Millimeter,Mile,6.2137E-07,mm,mi
Length,Millimeter,Nautical mile,5.3996E-07,mm,nmi
Length,Millimeter,Yard,0.00109361,mm,yd
Length,Nautical mile,Centimeter,185200,nmi,cm
Length,Nautical mile,Foot,6076.12,nmi,ft
Length,Nautical mile,Inch,72913.4,nmi,in
Length,Nautical mile,Meter,1852,nmi,m
Length,Nautical mile,Mile,1.15078,nmi,mi
Length,Nautical mile,Millimeter,1852000,nmi,mm
Length,Nautical mile,Yard,2025.37,nmi,yd
Length,Yard,Centimeter,91.44,yd,cm
Length,Yard,Foot,3,yd,ft
Length,Yard,Inch,36,yd,in
Length,Yard,Kilometer,0.0009144,yd,km
Length,Yard,Meter,0.9144,yd,m
Length,Yard,Mile,0.000568182,yd,mi
Length,Yard,Millimeter,914.4,yd,mm
Length,Yard,Nautical mile,0.000493737,yd,nmi
Mass,Gram,Kilogram,0.001,g,kg
Mass,Gram,Long ton,9.8421E-07,g,Lton
Mass,Gram,Metric ton,0.000001,g,tonne
Mass,Gram,Microgram,1000000,g,mcg
Mass,Gram,Milligram,1000,g,mg
Mass,Gram,Ounce,0.035274,g,oz
Mass,Gram,Pound,0.00220462,g,lb
Mass,Gram,Short ton,1.1023E-06,g,ston
Mass,Gram,Stone,0.000157473,g,st
Mass,Kilogram,Gram,1000,kg,g
Mass,Kilogram,Long ton,0.000984207,kg,Lton
Mass,Kilogram,Metric ton,0.001,kg,tonne
Mass,Kilogram,Microgram,1000000000,kg,mcg
Mass,Kilogram,Milligram,1000000,kg,mg
Mass,Kilogram,Ounce,35.274,kg,oz
Mass,Kilogram,Pound,2.20462,kg,lb
Mass,Kilogram,Short ton,0.00110231,kg,ston
Mass,Kilogram,Stone,0.157473,kg,st
Mass,Long ton,Gram,1016000,Lton,g
Mass,Long ton,Kilogram,1016.05,Lton,kg
Mass,Long ton,Metric ton,1.01605,Lton,tonne
Mass,Long ton,Microgram,1.016E+12,Lton,mcg
Mass,Long ton,Milligram,1016000000,Lton,mg
Mass,Long ton,Ounce,35840,Lton,oz
Mass,Long ton,Pound,2240,Lton,lb
Mass,Long ton,Short ton,1.12,Lton,ston
Mass,Long ton,Stone,160,Lton,st
Mass,Metric ton,Gram,1000000,tonne,g
Mass,Metric ton,Kilogram,1000,tonne,kg
Mass,Metric ton,Long ton,0.984207,tonne,Lton
Mass,Metric ton,Microgram,1E+12,tonne,mcg
Mass,Metric ton,Milligram,1000000000,tonne,mg
Mass,Metric ton,Ounce,35274,tonne,oz
Mass,Metric ton,Pound,2204.62,tonne,lb
Mass,Metric ton,Short ton,1.10231,tonne,ston
Mass,Metric ton,Stone,157.473,tonne,st
Mass,Microgram,Gram,0.000001,mcg,g
Mass,Microgram,Kilogram,0.000000001,mcg,kg
Mass,Microgram,Long ton,9.8421E-13,mcg,Lton
Mass,Microgram,Metric ton,1E-12,mcg,tonne
Mass,Microgram,Milligram,0.001,mcg,mg
Mass,Microgram,Ounce,3.5274E-08,mcg,oz
Mass,Microgram,Pound,2.2046E-09,mcg,lb
Mass,Microgram,Short ton,1.1023E-12,mcg,ston
Mass,Microgram,Stone,1.5747E-10,mcg,st
Mass,Milligram,Gram,0.001,mg,g
Mass,Milligram,Kilogram,0.000001,mg,kg
Mass,Milligram,Long ton,9.8421E-10,mg,Lton
Mass,Milligram,Metric ton,0.000000001,mg,tonne
Mass,Milligram,Microgram,1000,mg,mcg
Mass,Milligram,Ounce,0.000035274,mg,oz
Mass,Milligram,Pound,2.2046E-06,mg,lb
Mass,Milligram,Short ton,1.1023E-09,mg,ston
Mass,Milligram,Stone,1.5747E-07,mg,st
Mass,Ounce,Gram,28.3495,oz,g
Mass,Ounce,Kilogram,0.0283495,oz,kg
Mass,Ounce,Long ton,0.000027902,oz,Lton
Mass,Ounce,Microgram,28350000,oz,mcg
Mass,Ounce,Milligram,28349.5,oz,mg
Mass,Ounce,Pound,0.0625,oz,lb
Mass,Ounce,Short ton,0.00003125,oz,ston
Mass,Ounce,Stone,0.00446429,oz,st
Mass,Pound,Gram,453.592,lb,g
Mass,Pound,Kilogram,0.453592,lb,kg
Mass,Pound,Long ton,0.000446429,lb,Lton
Mass,Pound,Metric ton,0.000453592,lb,tonne
Mass,Pound,Microgram,453600000,lb,mcg
Mass,Pound,Milligram,453592,lb,mg
Mass,Pound,Ounce,16,lb,oz
Mass,Pound,Short ton,0.0005,lb,ston
Mass,Pound,Stone,0.0714286,lb,st
Mass,Short ton,Gram,907185,ston,g
Mass,Short ton,Kilogram,907.185,ston,kg
Mass,Short ton,Long ton,0.892857,ston,Lton
Mass,Short ton,Metric ton,0.907185,ston,tonne
Mass,Short ton,Microgram,9.072E+11,ston,mcg
Mass,Short ton,Milligram,907200000,ston,mg
Mass,Short ton,Ounce,32000,ston,oz
Mass,Short ton,Pound,2000,ston,lb
Mass,Short ton,Stone,142.857,ston,st
Mass,Stone,Gram,6350.29,st,g
Mass,Stone,Kilogram,6.35029,st,kg
Mass,Stone,Long ton,0.00625,st,Lton
Mass,Stone,Metric ton,0.00635029,st,tonne
Mass,Stone,Microgram,6350000000,st,mcg
Mass,Stone,Milligram,6350000,st,mg
Mass,Stone,Ounce,224,st,oz
Mass,Stone,Pound,14,st,lb
Mass,Stone,Short ton,0.007,st,ston
Volume,Cubic Foot,Cubic Inch,1728,cu ft,cu in
Volume,Cubic Foot,Cubic Meter,0.0283168,cu ft,cu m
Volume,Cubic Foot,Imperial Gallon,6.22883,cu ft,imp gal
Volume,Cubic Foot,Imperial Ounce,996.613,cu ft,imp oz
Volume,Cubic Foot,Imperial Pint,49.8307,cu ft,imp pt
Volume,Cubic Foot,Imperial Quart,24.9153,cu ft,imp qt
Volume,Cubic Foot,Imperial Tablespoon,1594.58,cu ft,imp tbsp
Volume,Cubic Foot,Imperial Teaspoon,4783.74,cu ft,imp tsp
Volume,Cubic Foot,Liter,28.3168,cu ft,l
Volume,Cubic Foot,Milliliter,28316.8,cu ft,ml
Volume,Cubic Foot,US Cup,119.688,cu ft,us c
Volume,Cubic Foot,US Gallon,7.48052,cu ft,us gal
Volume,Cubic Foot,US Ounce,957.506,cu ft,us oz
Volume,Cubic Foot,US Pint,59.8442,cu ft,us pt
Volume,Cubic Foot,US Quart,29.9221,cu ft,us qt
Volume,Cubic Foot,US Tablespoon,1915.01,cu ft,us tbsp
Volume,Cubic Foot,US Teaspoon,5745.04,cu ft,us tsp
Volume,Cubic Inch,Cubic Foot,0.000578704,cu in,cu ft
Volume,Cubic Inch,Cubic Meter,0.000016387,cu in,cu m
Volume,Cubic Inch,Imperial Gallon,0.00360465,cu in,imp gal
Volume,Cubic Inch,Imperial Ounce,0.576744,cu in,imp oz
Volume,Cubic Inch,Imperial Pint,0.0288372,cu in,imp pt
Volume,Cubic Inch,Imperial Quart,0.0144186,cu in,imp qt
Volume,Cubic Inch,Imperial Tablespoon,0.92279,cu in,imp tbsp
Volume,Cubic Inch,Imperial Teaspoon,2.76837,cu in,imp tsp
Volume,Cubic Inch,Liter,0.0163871,cu in,l
Volume,Cubic Inch,Milliliter,16.3871,cu in,ml
Volume,Cubic Inch,US Cup,0.0692641,cu in,us c
Volume,Cubic Inch,US Ounce,0.554113,cu in,us oz
Volume,Cubic Inch,US Pint,0.034632,cu in,us pt
Volume,Cubic Inch,US Quart,0.017316,cu in,us qt
Volume,Cubic Inch,US Tablespoon,1.10823,cu in,us tbsp
Volume,Cubic Inch,US Teaspoon,3.32468,cu in,us tsp
Volume,Cubic Meter,Cubic Foot,35.3147,cu m,cu ft
Volume,Cubic Meter,Cubic Inch,61023.7,cu m,cu in
Volume,Cubic Meter,Imperial Gallon,219.969,cu m,imp gal
Volume,Cubic Meter,Imperial Ounce,35195.1,cu m,imp oz
Volume,Cubic Meter,Imperial Pint,1759.75,cu m,imp pt
Volume,Cubic Meter,Imperial Quart,879.877,cu m,imp qt
Volume,Cubic Meter,Imperial Tablespoon,56312.1,cu m,imp tbsp
Volume,Cubic Meter,Imperial Teaspoon,168936,cu m,imp tsp
Volume,Cubic Meter,Liter,1000,cu m,l
Volume,Cubic Meter,Milliliter,1000000,cu m,ml
Volume,Cubic Meter,US Cup,4226.75,cu m,us c
Volume,Cubic Meter,US Gallon,264.172,cu m,us gal
Volume,Cubic Meter,US Ounce,33814,cu m,us oz
Volume,Cubic Meter,US Pint,2113.38,cu m,us pt
Volume,Cubic Meter,US Quart,1056.69,cu m,us qt
Volume,Cubic Meter,US Tablespoon,67628,cu m,us tbsp
Volume,Cubic Meter,US Teaspoon,202884,cu m,us tsp
Volume,Imperial Gallon,Cubic Foot,0.160544,imp gal,cu ft
Volume,Imperial Gallon,Cubic Inch,277.42,imp gal,cu in
Volume,Imperial Gallon,Cubic Meter,0.00454609,imp gal,cu m
Volume,Imperial Gallon,Imperial Ounce,160,imp gal,imp oz
Volume,Imperial Gallon,Imperial Pint,8,imp gal,imp pt
Volume,Imperial Gallon,Imperial Quart,4,imp gal,imp qt
Volume,Imperial Gallon,Imperial Tablespoon,256,imp gal,imp tbsp
Volume,Imperial Gallon,Imperial Teaspoon,768,imp gal,imp tsp
Volume,Imperial Gallon,Liter,4.54609,imp gal,l
Volume,Imperial Gallon,Milliliter,4546.09,imp gal,ml
Volume,Imperial Gallon,US Cup,19.2152,imp gal,us c
Volume,Imperial Gallon,US Gallon,1.20095,imp gal,us gal
Volume,Imperial Gallon,US Ounce,153.722,imp gal,us oz
Volume,Imperial Gallon,US Pint,9.6076,imp gal,us pt
Volume,Imperial Gallon,US Quart,4.8038,imp gal,us qt
Volume,Imperial Gallon,US Tablespoon,307.443,imp gal,us tbsp
Volume,Imperial Gallon,US Teaspoon,922.33,imp gal,us tsp
Volume,Imperial Ounce,Cubic Foot,0.0010034,imp oz,cu ft
Volume,Imperial Ounce,Cubic Inch,1.73387,imp oz,cu in
Volume,Imperial Ounce,Cubic Meter,0.000028413,imp oz,cu m
Volume,Imperial Ounce,Imperial Gallon,0.00625,imp oz,imp gal
Volume,Imperial Ounce,Imperial Pint,0.05,imp oz,imp pt
Volume,Imperial Ounce,Imperial Quart,0.025,imp oz,imp qt
Volume,Imperial Ounce,Imperial Tablespoon,1.6,imp oz,imp tbsp
Volume,Imperial Ounce,Imperial Teaspoon,4.8,imp oz,imp tsp
Volume,Imperial Ounce,Liter,0.0284131,imp oz,l
Volume,Imperial Ounce,Milliliter,28.4131,imp oz,ml
Volume,Imperial Ounce,US Cup,0.120095,imp oz,us c
Volume,Imperial Ounce,US Gallon,0.00750594,imp oz,us gal
Volume,Imperial Ounce,US Ounce,0.96076,imp oz,us oz
Volume,Imperial Ounce,US Pint,0.0600475,imp oz,us pt
Volume,Imperial Ounce,US Quart,0.0300238,imp oz,us qt
Volume,Imperial Ounce,US Tablespoon,1.92152,imp oz,us tbsp
Volume,Imperial Ounce,US Teaspoon,5.76456,imp oz,us tsp
Volume,Imperial Pint,Cubic Foot,0.020068,imp pt,cu ft
Volume,Imperial Pint,Cubic Inch,34.6774,imp pt,cu in
Volume,Imperial Pint,Cubic Meter,0.000568261,imp pt,cu m
Volume,Imperial Pint,Imperial Gallon,0.125,imp pt,imp gal
Volume,Imperial Pint,Imperial Ounce,20,imp pt,imp oz
Volume,Imperial Pint,Imperial Quart,0.5,imp pt,imp qt
Volume,Imperial Pint,Imperial Tablespoon,32,imp pt,imp tbsp
Volume,Imperial Pint,Imperial Teaspoon,96,imp pt,imp tsp
Volume,Imperial Pint,Liter,0.568261,imp pt,l
Volume,Imperial Pint,Milliliter,568.261,imp pt,ml
Volume,Imperial Pint,US Cup,2.4019,imp pt,us c
Volume,Imperial Pint,US Gallon,0.150119,imp pt,us gal
Volume,Imperial Pint,US Ounce,19.2152,imp pt,us oz
Volume,Imperial Pint,US Pint,1.20095,imp pt,us pt
Volume,Imperial Pint,US Quart,0.600475,imp pt,us qt
Volume,Imperial Pint,US Tablespoon,38.4304,imp pt,us tbsp
Volume,Imperial Pint,US Teaspoon,115.291,imp pt,us tsp
Volume,Imperial Quart,Cubic Foot,0.0401359,imp qt,cu ft
Volume,Imperial Quart,Cubic Inch,69.3549,imp qt,cu in
Volume,Imperial Quart,Cubic Meter,0.00113652,imp qt,cu m
Volume,Imperial Quart,Imperial Gallon,0.25,imp qt,imp gal
Volume,Imperial Quart,Imperial Ounce,40,imp qt,imp oz
Volume,Imperial Quart,Imperial Pint,2,imp qt,imp pt
Volume,Imperial Quart,Imperial Tablespoon,64,imp qt,imp tbsp
Volume,Imperial Quart,Imperial Teaspoon,192,imp qt,imp tsp
Volume,Imperial Quart,Liter,1.13652,imp qt,l
Volume,Imperial Quart,Milliliter,1136.52,imp qt,ml
Volume,Imperial Quart,US Cup,4.8038,imp qt,us c
Volume,Imperial Quart,US Gallon,0.300238,imp qt,us gal
Volume,Imperial Quart,US Ounce,38.4304,imp qt,us oz
Volume,Imperial Quart,US Pint,2.4019,imp qt,us pt
Volume,Imperial Quart,US Quart,1.20095,imp qt,us qt
Volume,Imperial Quart,US Tablespoon,76.8608,imp qt,us tbsp
Volume,Imperial Quart,US Teaspoon,230.582,imp qt,us tsp
Volume,Imperial Tablespoon,Cubic Foot,0.000627124,imp tbsp,cu ft
Volume,Imperial Tablespoon,Cubic Inch,1.08367,imp tbsp,cu in
Volume,Imperial Tablespoon,Cubic Meter,0.000017758,imp tbsp,cu m
Volume,Imperial Tablespoon,Imperial Gallon,0.00390625,imp tbsp,imp gal
Volume,Imperial Tablespoon,Imperial Ounce,0.625,imp tbsp,imp oz
Volume,Imperial Tablespoon,Imperial Pint,0.03125,imp tbsp,imp pt
Volume,Imperial Tablespoon,Imperial Quart,0.015625,imp tbsp,imp qt
Volume,Imperial Tablespoon,Imperial Teaspoon,3,imp tbsp,imp tsp
Volume,Imperial Tablespoon,Liter,0.0177582,imp tbsp,l
Volume,Imperial Tablespoon,Milliliter,17.7582,imp tbsp,ml
Volume,Imperial Tablespoon,US Cup,0.0750594,imp tbsp,us c
Volume,Imperial Tablespoon,US Gallon,0.00469121,imp tbsp,us gal
Volume,Imperial Tablespoon,US Ounce,0.600475,imp tbsp,us oz
Volume,Imperial Tablespoon,US Pint,0.0375297,imp tbsp,us pt
Volume,Imperial Tablespoon,US Quart,0.0187649,imp tbsp,us qt
Volume,Imperial Tablespoon,US Tablespoon,1.20095,imp tbsp,us tbsp
Volume,Imperial Tablespoon,US Teaspoon,3.60285,imp tbsp,us tsp
Volume,Imperial Teaspoon,Cubic Foot,0.000209041,imp tsp,cu ft
Volume,Imperial Teaspoon,Cubic Inch,0.361223,imp tsp,cu in
Volume,Imperial Teaspoon,Cubic Meter,5.9194E-06,imp tsp,cu m
Volume,Imperial Teaspoon,Imperial Gallon,0.00130208,imp tsp,imp gal
Volume,Imperial Teaspoon,Imperial Ounce,0.208333,imp tsp,imp oz
Volume,Imperial Teaspoon,Imperial Pint,0.0104167,imp tsp,imp pt
Volume,Imperial Teaspoon,Imperial Quart,0.00520833,imp tsp,imp qt
Volume,Imperial Teaspoon,Imperial Tablespoon,0.333333,imp tsp,imp tbsp
Volume,Imperial Teaspoon,Liter,0.00591939,imp tsp,l
Volume,Imperial Teaspoon,Milliliter,5.91939,imp tsp,ml
Volume,Imperial Teaspoon,US Cup,0.0250198,imp tsp,us c
Volume,Imperial Teaspoon,US Gallon,0.00156374,imp tsp,us gal
Volume,Imperial Teaspoon,US Ounce,0.200158,imp tsp,us oz
Volume,Imperial Teaspoon,US Pint,0.0125099,imp tsp,us pt
Volume,Imperial Teaspoon,US Quart,0.00625495,imp tsp,us qt
Volume,Imperial Teaspoon,US Tablespoon,0.400317,imp tsp,us tbsp
Volume,Imperial Teaspoon,US Teaspoon,1.20095,imp tsp,us tsp
Volume,Liter,Cubic Foot,0.0353147,us gal,cu ft
Volume,Liter,Cubic Inch,61.0237,us gal,cu in
Volume,Liter,Cubic Meter,0.001,us gal,us cu m
Volume,Liter,Imperial Gallon,0.219969,us gal,imp gal
Volume,Liter,Imperial Ounce,35.1951,us gal,imp oz
Volume,Liter,Imperial Pint,1.75975,us gal,imp pt
Volume,Liter,Imperial Quart,0.879877,us gal,imp qt
Volume,Liter,Imperial Tablespoon,56.3121,us gal,imp tbsp
Volume,Liter,Imperial Teaspoon,168.936,us gal,imp tsp
Volume,Liter,Milliliter,1000,us gal,ml
Volume,Liter,US Cup,4.22675,us gal,us c
Volume,Liter,US Gallon,0.264172,us gal,l
Volume,Liter,US Ounce,33.814,us gal,us oz
Volume,Liter,US Pint,2.11338,us gal,us pt
Volume,Liter,US Quart,1.05669,us gal,us qt
Volume,Liter,US Tablespoon,67.628,us gal,us tbsp
Volume,Liter,US Teaspoon,202.884,us gal,us tsp
Volume,Milliliter,Cubic Foot,0.000035315,ml,cu ft
Volume,Milliliter,Cubic Inch,0.0610237,ml,cu in
Volume,Milliliter,Cubic Meter,0.000001,ml,cu m
Volume,Milliliter,Imperial Gallon,0.000219969,ml,imp gal
Volume,Milliliter,Imperial Ounce,0.0351951,ml,imp oz
Volume,Milliliter,Imperial Pint,0.00175975,ml,imp pt
Volume,Milliliter,Imperial Quart,0.000879877,ml,imp qt
Volume,Milliliter,Imperial Tablespoon,0.0563121,ml,imp tbsp
Volume,Milliliter,Imperial Teaspoon,0.168936,ml,imp tsp
Volume,Milliliter,Liter,0.001,ml,l
Volume,Milliliter,US Cup,0.00422675,ml,us c
Volume,Milliliter,US Gallon,0.000264172,ml,us gal
Volume,Milliliter,US Ounce,0.033814,ml,us oz
Volume,Milliliter,US Pint,0.00211338,ml,us pt
Volume,Milliliter,US Quart,0.00105669,ml,us qt
Volume,Milliliter,US Tablespoon,0.067628,ml,us tbsp
Volume,Milliliter,US Teaspoon,0.202884,ml,us tsp
Volume,US Cup,Cubic Foot,0.00835503,us c,cu ft
Volume,US Cup,Cubic Inch,14.4375,us c,cu in
Volume,US Cup,Cubic Meter,0.000236588,us c,cu m
Volume,US Cup,Imperial Gallon,0.0520421,us c,imp gal
Volume,US Cup,Imperial Ounce,8.32674,us c,imp oz
Volume,US Cup,Imperial Pint,0.416337,us c,imp pt
Volume,US Cup,Imperial Quart,0.208168,us c,imp qt
Volume,US Cup,Imperial Tablespoon,13.3228,us c,imp tbsp
Volume,US Cup,Imperial Teaspoon,39.9683,us c,imp tsp
Volume,US Cup,Liter,0.236588,us c,l
Volume,US Cup,Milliliter,236.588,us c,ml
Volume,US Cup,US Gallon,0.0625,us c,us gal
Volume,US Cup,US Ounce,8,us c,us oz
Volume,US Cup,US Pint,0.5,us c,us pt
Volume,US Cup,US Quart,0.25,us c,us qt
Volume,US Cup,US Tablespoon,16,us c,us tbsp
Volume,US Cup,US Teaspoon,48,us c,us tsp
Volume,US Gallon,Cubic Foot,0.133681,us gal,cu ft
Volume,US Gallon,Cubic Inch,231,us gal,cu in
Volume,US Gallon,Cubic Meter,0.00378541,us gal,cu m
Volume,US Gallon,Imperial Gallon,0.832674,us gal,imp gal
Volume,US Gallon,Imperial Ounce,133.228,us gal,imp oz
Volume,US Gallon,Imperial Pint,6.66139,us gal,imp pt
Volume,US Gallon,Imperial Quart,3.3307,us gal,imp qt
Volume,US Gallon,Imperial Tablespoon,213.165,us gal,imp tbsp
Volume,US Gallon,Imperial Teaspoon,639.494,us gal,imp tsp
Volume,US Gallon,Liter,3.78541,us gal,l
Volume,US Gallon,Milliliter,3785.41,us gal,ml
Volume,US Gallon,US Cup,16,us gal,c
Volume,US Gallon,US Ounce,128,us gal,us oz
Volume,US Gallon,US Pint,8,us gal,us pt
Volume,US Gallon,US Quart,4,us gal,us qt
Volume,US Gallon,US Tablespoon,256,us gal,us tbsp
Volume,US Gallon,US Teaspoon,768,us gal,us tsp
Volume,US Ounce,Cubic Foot,0.00104438,us oz,cu ft
Volume,US Ounce,Cubic Inch,1.80469,us oz,cu in
Volume,US Ounce,Cubic Meter,0.000029574,us oz,cu m
Volume,US Ounce,Imperial Gallon,0.00650526,us oz,imp gal
Volume,US Ounce,Imperial Ounce,1.04084,us oz,imp oz
Volume,US Ounce,Imperial Pint,0.0520421,us oz,imp pt
Volume,US Ounce,Imperial Quart,0.0260211,us oz,imp qt
Volume,US Ounce,Imperial Tablespoon,1.66535,us oz,imp tbsp
Volume,US Ounce,Imperial Teaspoon,4.99604,us oz,imp tsp
Volume,US Ounce,Liter,0.0295735,us oz,l
Volume,US Ounce,Milliliter,29.5735,us oz,ml
Volume,US Ounce,US Cup,0.125,us oz,us c
Volume,US Ounce,US Gallon,0.0078125,us oz,us gal
Volume,US Ounce,US Pint,0.0625,us oz,us pt
Volume,US Ounce,US Quart,0.03125,us oz,us qt
Volume,US Ounce,US Tablespoon,2,us oz,us tbsp
Volume,US Ounce,US Teaspoon,6,us oz,us tsp
Volume,US Pint,Cubic Foot,0.0167101,us pt,cu ft
Volume,US Pint,Cubic Inch,28.875,us pt,cu in
Volume,US Pint,Cubic Meter,0.000473176,us pt,cu m
Volume,US Pint,Imperial Gallon,0.104084,us pt,imp gal
Volume,US Pint,Imperial Ounce,16.6535,us pt,imp oz
Volume,US Pint,Imperial Pint,0.832674,us pt,imp pt
Volume,US Pint,Imperial Quart,0.416337,us pt,imp qt
Volume,US Pint,Imperial Tablespoon,26.6456,us pt,imp tbsp
Volume,US Pint,Imperial Teaspoon,79.9367,us pt,imp tsp
Volume,US Pint,Liter,0.473176,us pt,l
Volume,US Pint,Milliliter,473.176,us pt,ml
Volume,US Pint,US Cup,2,us pt,us c
Volume,US Pint,US Gallon,0.125,us pt,us gal
Volume,US Pint,US Ounce,16,us pt,us oz
Volume,US Pint,US Quart,0.5,us pt,us qt
Volume,US Pint,US Tablespoon,32,us pt,us tbsp
Volume,US Pint,US Teaspoon,96,us pt,us tsp
Volume,US Quart,Cubic Foot,0.0334201,us qt,cu ft
Volume,US Quart,Cubic Inch,57.75,us qt,cu in
Volume,US Quart,Cubic Meter,0.000946353,us qt,cu m
Volume,US Quart,Imperial Gallon,0.208168,us qt,imp gal
Volume,US Quart,Imperial Ounce,33.307,us qt,imp oz
Volume,US Quart,Imperial Pint,1.66535,us qt,imp pt
Volume,US Quart,Imperial Quart,0.832674,us qt,imp qt
Volume,US Quart,Imperial Tablespoon,53.2911,us qt,imp tbsp
Volume,US Quart,Imperial Teaspoon,159.873,us qt,imp tsp
Volume,US Quart,Liter,0.946353,us qt,l
Volume,US Quart,Milliliter,946.353,us qt,ml
Volume,US Quart,US Cup,4,us qt,us c
Volume,US Quart,US Gallon,0.25,us qt,us gal
Volume,US Quart,US Ounce,32,us qt,us oz
Volume,US Quart,US Pint,2,us qt,us pt
Volume,US Quart,US Tablespoon,64,us qt,us tbsp
Volume,US Quart,US Teaspoon,192,us qt,us tsp
Volume,US Tablespoon,Cubic Foot,0.00052219,us tbsp,cu ft
Volume,US Tablespoon,Cubic Inch,0.902344,us tbsp,cu in
Volume,US Tablespoon,Cubic Meter,0.000014787,us tbsp,cu m
Volume,US Tablespoon,Imperial Gallon,0.00325263,us tbsp,imp gal
Volume,US Tablespoon,Imperial Ounce,0.520421,us tbsp,imp oz
Volume,US Tablespoon,Imperial Pint,0.0260211,us tbsp,imp pt
Volume,US Tablespoon,Imperial Quart,0.0130105,us tbsp,imp qt
Volume,US Tablespoon,Imperial Tablespoon,0.832674,us tbsp,imp tbsp
Volume,US Tablespoon,Imperial Teaspoon,2.49802,us tbsp,imp tsp
Volume,US Tablespoon,Liter,0.0147868,us tbsp,l
Volume,US Tablespoon,Milliliter,14.7868,us tbsp,ml
Volume,US Tablespoon,US Cup,0.0625,us tbsp,us c
Volume,US Tablespoon,US Gallon,0.00390625,us tbsp,us gal
Volume,US Tablespoon,US Ounce,0.5,us tbsp,us oz
Volume,US Tablespoon,US Pint,0.03125,us tbsp,us pt
Volume,US Tablespoon,US Quart,0.015625,us tbsp,us qt
Volume,US Tablespoon,US Teaspoon,3,us tbsp,us tsp
Volume,US Teaspoon,Cubic Foot,0.000174063,us tsp,cu ft
Volume,US Teaspoon,Cubic Inch,0.300781,us tsp,cu in
Volume,US Teaspoon,Cubic Meter,4.9289E-06,us tsp,cu m
Volume,US Teaspoon,Imperial Gallon,0.00108421,us tsp,imp gal
Volume,US Teaspoon,Imperial Ounce,0.173474,us tsp,imp oz
Volume,US Teaspoon,Imperial Pint,0.00867369,us tsp,imp pt
Volume,US Teaspoon,Imperial Quart,0.00433684,us tsp,imp qt
Volume,US Teaspoon,Imperial Tablespoon,0.277558,us tsp,imp tbsp
Volume,US Teaspoon,Imperial Teaspoon,0.832674,us tsp,imp tsp
Volume,US Teaspoon,Liter,0.00492892,us tsp,l
Volume,US Teaspoon,Milliliter,4.92892,us tsp,ml
Volume,US Teaspoon,US Cup,0.0208333,us tsp,us c
Volume,US Teaspoon,US Gallon,0.00130208,us tsp,us gal
Volume,US Teaspoon,US Ounce,0.166667,us tsp,us oz
Volume,US Teaspoon,US Pint,0.0104167,us tsp,us pt
Volume,US Teaspoon,US Quart,0.00520833,us tsp,us qt
Volume,US Teaspoon,US Tablespoon,0.333333,us tsp,us tbsp